Fold,Feature,MAE_importance_USD
1,Quartier,81.89932157778061
1,Type_logement,8.546773179788062
1,Chambres,28.729046920988594
1,Surface_m2,36.397803279376376
1,Etat,11.03984490306421
1,Eau,75.45969505409127
1,Electricite,0.48992215476190887
2,Quartier,69.27974618525919
2,Type_logement,9.89386521134421
2,Chambres,36.010497856791304
2,Surface_m2,32.05595665345773
2,Etat,10.730114880730394
2,Eau,63.23686622009471
2,Electricite,0.9870442631997667
3,Quartier,98.57609873184207
3,Type_logement,11.925313847522766
3,Chambres,37.61229408898503
3,Surface_m2,41.11189509307342
3,Etat,12.536580019720805
3,Eau,68.47772260918698
3,Electricite,2.0437268003847953
4,Quartier,85.56607829955213
4,Type_logement,10.282946067155052
4,Chambres,29.623995820309165
4,Surface_m2,40.09183441371584
4,Etat,13.153724795482114
4,Eau,66.234407562678
4,Electricite,0.43839042592592536
5,Quartier,107.95416006260079
5,Type_logement,13.301884655603743
5,Chambres,40.69093422655139
5,Surface_m2,44.75704733944492
5,Etat,11.618373259457298
5,Eau,83.32194331966733
5,Electricite,0.4262884841269859
6,Quartier,70.52545008585858
6,Type_logement,12.880812730750737
6,Chambres,31.70598735151885
6,Surface_m2,34.932758293909764
6,Etat,9.05392983029932
6,Eau,46.75175721101121
6,Electricite,1.9634788333333204
7,Quartier,83.94681135882604
7,Type_logement,5.544752384078858
7,Chambres,24.69242748653194
7,Surface_m2,41.67386495550729
7,Etat,11.006415243626485
7,Eau,85.2160064668108
7,Electricite,0.5788130978835937
8,Quartier,87.3192153641879
8,Type_logement,7.75349697034447
8,Chambres,25.70287414277047
8,Surface_m2,38.329520446546496
8,Etat,12.654067855890604
8,Eau,83.65188493202969
8,Electricite,0.520906079365051
9,Quartier,104.46120610726307
9,Type_logement,9.996720096681099
9,Chambres,42.21978947763345
9,Surface_m2,44.72196060101008
9,Etat,9.422663197450657
9,Eau,74.10274322366512
9,Electricite,0.289759542328038
10,Quartier,54.08920341005283
10,Type_logement,9.129307298941685
10,Chambres,19.463773865079194
10,Surface_m2,28.677075687830627
10,Etat,8.966236499999884
10,Eau,65.36164144179888
10,Electricite,0.526662738095243
11,Quartier,108.89483341269838
11,Type_logement,3.470762923280367
11,Chambres,54.18871166137558
11,Surface_m2,53.37929089947083
11,Etat,7.056912499999953
11,Eau,69.84916241534387
11,Electricite,0.3740101349206338
12,Quartier,108.07766250190313
12,Type_logement,6.643266850068099
12,Chambres,35.885705159867314
12,Surface_m2,29.00298714674964
12,Etat,22.959632107771192
12,Eau,65.8948243289477
12,Electricite,1.336130604347724
13,Quartier,86.44893916498312
13,Type_logement,9.491928241943246
13,Chambres,35.3030806522367
13,Surface_m2,42.59617049783558
13,Etat,9.8407271957672
13,Eau,97.14773054954307
13,Electricite,0.6176390529100603
14,Quartier,90.67267132182623
14,Type_logement,9.776443187423613
14,Chambres,23.10523897089945
14,Surface_m2,35.91412750273794
14,Etat,13.175004489103458
14,Eau,66.3197266219336
14,Electricite,0.12591113227513678
15,Quartier,45.144845118806494
15,Type_logement,12.026031119932176
15,Chambres,28.99253468505218
15,Surface_m2,34.25067574812654
15,Etat,12.70073167485991
15,Eau,57.338331231112406
15,Electricite,0.7058060497737467
16,Quartier,93.84510108393465
16,Type_logement,6.874378128945042
16,Chambres,33.36756692514875
16,Surface_m2,34.99583492455686
16,Etat,17.437194031228113
16,Eau,79.17394420621974
16,Electricite,1.8093728783068799
17,Quartier,94.93339750793646
17,Type_logement,11.500060155150999
17,Chambres,22.454179815748535
17,Surface_m2,32.701688577186516
17,Etat,8.159833910208524
17,Eau,56.988662142857095
17,Electricite,0.7151537773109183
18,Quartier,85.40935470411068
18,Type_logement,8.244894270044718
18,Chambres,27.474984643060555
18,Surface_m2,39.03117756532346
18,Etat,6.3594584987788885
18,Eau,96.13637855840452
18,Electricite,0.2101810820105811
19,Quartier,91.33286976764843
19,Type_logement,8.661554150807762
19,Chambres,40.07293415392007
19,Surface_m2,44.6204948065388
19,Etat,14.088588547010824
19,Eau,71.58790786039663
19,Electricite,0.6208514217242492
20,Quartier,94.44838003194035
20,Type_logement,13.58218796441522
20,Chambres,40.294483910025164
20,Surface_m2,42.02791784741186
20,Etat,10.575578135808703
20,Eau,67.06741200005553
20,Electricite,0.468361004569506
21,Quartier,81.62084661732175
21,Type_logement,6.759983517231211
21,Chambres,23.277882389865162
21,Surface_m2,38.62421911446411
21,Etat,13.627982321124463
21,Eau,85.57655287178511
21,Electricite,0.7678078966131826
22,Quartier,107.57752552465135
22,Type_logement,1.2636626358827332
22,Chambres,24.11600355002409
22,Surface_m2,43.05737106974515
22,Etat,8.270405572991965
22,Eau,85.04351598520935
22,Electricite,-0.146160945767193
23,Quartier,67.16842349598538
23,Type_logement,12.027385657786533
23,Chambres,30.72279208191793
23,Surface_m2,33.92085856778391
23,Etat,14.98207192971837
23,Eau,56.45149409368399
23,Electricite,0.7495626332926253
24,Quartier,67.33449346869804
24,Type_logement,9.317026026454991
24,Chambres,22.822215462722433
24,Surface_m2,33.543250508177046
24,Etat,12.23285143796944
24,Eau,65.60491328121876
24,Electricite,2.057561820105807
25,Quartier,110.80923886036956
25,Type_logement,13.688080961226515
25,Chambres,42.85807254243219
25,Surface_m2,44.802721908753604
25,Etat,13.87228337801215
25,Eau,56.50415752508983
25,Electricite,0.6986171918767505
26,Quartier,90.82041308537754
26,Type_logement,12.42653579629626
26,Chambres,43.60384217797016
26,Surface_m2,40.456275888888854
26,Etat,10.127823938672487
26,Eau,62.93194455074556
26,Electricite,0.31465890740740327
27,Quartier,98.7082954707328
27,Type_logement,12.364299679116783
27,Chambres,31.808828366688687
27,Surface_m2,39.12588529070908
27,Etat,9.65485343332573
27,Eau,82.09205678040462
27,Electricite,0.33880353934953683
28,Quartier,57.4950756149776
28,Type_logement,6.4480858882784045
28,Chambres,30.824509803825663
28,Surface_m2,38.234759031542474
28,Etat,13.916082055351973
28,Eau,53.30773984798532
28,Electricite,0.14925997659747825
29,Quartier,85.73779552560393
29,Type_logement,12.995876566933068
29,Chambres,40.39875233092832
29,Surface_m2,42.28062425457882
29,Etat,14.139477621119605
29,Eau,70.31009954787804
29,Electricite,0.7464209218004244
30,Quartier,80.28414603740708
30,Type_logement,9.263997542920043
30,Chambres,28.610478827801916
30,Surface_m2,38.062669277814926
30,Etat,12.572310294733118
30,Eau,94.71762020326894
30,Electricite,0.7933673104118142
31,Quartier,104.40282171435759
31,Type_logement,6.647426839919331
31,Chambres,50.74684689711925
31,Surface_m2,41.66882516744365
31,Etat,18.357266584317685
31,Eau,77.21701580861519
31,Electricite,0.6693687167603611
32,Quartier,69.11558629298584
32,Type_logement,12.349035208824912
32,Chambres,31.777908582972582
32,Surface_m2,30.514959586099103
32,Etat,5.863611812791772
32,Eau,51.163453124791296
32,Electricite,0.4061042549302522
33,Quartier,97.72854943301141
33,Type_logement,8.4147219586709
33,Chambres,24.680263423021252
33,Surface_m2,37.54265188724238
33,Etat,13.250014711603324
33,Eau,58.03329396183447
33,Electricite,0.5522691375661385
34,Quartier,58.67688438219191
34,Type_logement,4.832935141025683
34,Chambres,27.67123591758242
34,Surface_m2,33.52096043088399
34,Etat,14.300270570633097
34,Eau,67.53638494474045
34,Electricite,0.12732381851481644
35,Quartier,75.92582377262598
35,Type_logement,6.670356946811422
35,Chambres,45.55167105861873
35,Surface_m2,46.69046948900022
35,Etat,7.296047740740694
35,Eau,98.86421058451683
35,Electricite,1.9535061269841187
36,Quartier,88.81051772933357
36,Type_logement,15.127806501208918
36,Chambres,40.517865224843476
36,Surface_m2,37.09958250721256
36,Etat,10.221362538640891
36,Eau,62.50210591932332
36,Electricite,2.6215586092436687
37,Quartier,103.82635710693941
37,Type_logement,6.005429750841773
37,Chambres,30.51161296621895
37,Surface_m2,38.772863236439505
37,Etat,12.691202600714188
37,Eau,62.41554362337664
37,Electricite,0.43002350396825156
38,Quartier,113.96094510226912
38,Type_logement,9.79497513912234
38,Chambres,30.212793105975607
38,Surface_m2,42.70580807499359
38,Etat,9.096636174065603
38,Eau,90.84842965508034
38,Electricite,0.4479531269841326
39,Quartier,65.67712156491645
39,Type_logement,6.6783528126133
39,Chambres,23.57162764296814
39,Surface_m2,37.41653306415801
39,Etat,14.564098496281357
39,Eau,83.75784062208149
39,Electricite,0.734424346468343
40,Quartier,73.01415888680927
40,Type_logement,10.297793671547426
40,Chambres,39.84931136515012
40,Surface_m2,47.25392158614156
40,Etat,15.35622845065503
40,Eau,65.31839663374645
40,Electricite,0.36432956613756423
41,Quartier,83.73150091673145
41,Type_logement,13.671231194543335
41,Chambres,41.3268615394538
41,Surface_m2,42.38186715872828
41,Etat,14.86129237278702
41,Eau,64.68560455073874
41,Electricite,0.6713903379067385
42,Quartier,104.05596135212934
42,Type_logement,8.903702772505309
42,Chambres,45.589433182280686
42,Surface_m2,43.819144707200245
42,Etat,19.67459718159626
42,Eau,73.00068320081775
42,Electricite,-0.1358906904761902
43,Quartier,79.2818394644059
43,Type_logement,8.960648951899884
43,Chambres,24.76442352958146
43,Surface_m2,30.97522214333808
43,Etat,7.020916354016293
43,Eau,61.25473314357862
43,Electricite,0.35099290211640477
44,Quartier,77.87844958465605
44,Type_logement,6.781939390923879
44,Chambres,30.768703177859134
44,Surface_m2,41.79532717745208
44,Etat,13.145003775539205
44,Eau,81.96111941249482
44,Electricite,1.1452526719576697
45,Quartier,89.92201309355451
45,Type_logement,2.4350625998075506
45,Chambres,39.7028770971621
45,Surface_m2,40.264899527416944
45,Etat,4.245404198412544
45,Eau,84.17839622150069
45,Electricite,0.7529264381914359
46,Quartier,64.74013114899908
46,Type_logement,3.523806641247625
46,Chambres,15.408406850686257
46,Surface_m2,27.264299730917138
46,Etat,9.683409224183121
46,Eau,79.65908302249592
46,Electricite,0.7683324706589719
47,Quartier,86.07420507656826
47,Type_logement,8.505378908700237
47,Chambres,43.79525316160969
47,Surface_m2,35.39000851923138
47,Etat,11.473645290319576
47,Eau,67.59149977005782
47,Electricite,0.0495493759845866
48,Quartier,83.93179274050004
48,Type_logement,13.553065180319686
48,Chambres,35.72759770740365
48,Surface_m2,40.77506162252555
48,Etat,12.856309942705243
48,Eau,57.6254844122728
48,Electricite,0.3649428996928865
49,Quartier,105.53316691895125
49,Type_logement,12.935278726310617
49,Chambres,39.323815994708966
49,Surface_m2,53.35876453751784
49,Etat,8.843175416065314
49,Eau,89.33875694877338
49,Electricite,0.5528944956709914
50,Quartier,77.39993013247327
50,Type_logement,14.122558160470286
50,Chambres,39.9801418709787
50,Surface_m2,35.50326931723403
50,Etat,11.079294601080866
50,Eau,59.16522293086325
50,Electricite,0.6181914733893406
