Fold,Method,MAE_USD,RMSE_USD,R2
1,Extra Trees,9.730006785360635,14.288176337675623,0.9953384590693773
1,Gradient Boosting,14.741856448700169,20.25247298118211,0.9906344772761084
1,Random Forest,19.14080916675916,30.47241593145987,0.9787973729539812
1,Linear Regression,41.68802857321352,51.915576121494816,0.9384580497580873
1,Ridge,51.62664478104625,62.42381318260143,0.9110232604654633
1,Overall median,148.76666666666668,216.2274651071567,-0.06757307747840313
1,Neighborhood median,123.76666666666667,179.69112387650094,0.26272560912074616
1,Neighborhood-by-housing-type median,43.9,58.91575906891692,0.9207427765464928
2,Extra Trees,7.773852505087513,10.342082865994728,0.9967099553787006
2,Gradient Boosting,17.032315689361027,28.605952501831975,0.9748291090561094
2,Random Forest,19.34116354426907,34.39280826623961,0.9636151123000163
2,Linear Regression,56.420955353961865,68.52532861211644,0.8555598218581815
2,Ridge,58.941362682247124,68.46901334250123,0.8557971310497988
2,Overall median,138.4,180.8295237693963,-0.005829661733407043
2,Neighborhood median,151.56666666666666,196.83470222498877,-0.1917608012573031
2,Neighborhood-by-housing-type median,32.96666666666667,53.334635400772484,0.9125007314034854
3,Extra Trees,8.898425755171013,12.930629817578819,0.9968233251744513
3,Gradient Boosting,19.07625919518691,33.258538147815656,0.9789845005259644
3,Random Forest,17.41824159132893,30.86787662688689,0.9818971515615366
3,Linear Regression,49.03590808791915,59.034023785554794,0.9337877759878759
3,Ridge,63.10521598528626,75.14526238358987,0.892715590724988
3,Overall median,184.36666666666667,256.7647107113177,-0.25257596353385536
3,Neighborhood median,127.36666666666666,168.54633388675848,0.46027563411450967
3,Neighborhood-by-housing-type median,46.166666666666664,64.15943682213344,0.9217914038877766
4,Extra Trees,12.959275132275376,20.453514078545627,0.9940312954282062
4,Gradient Boosting,18.705191563441915,30.473813282048898,0.9867505509371725
4,Random Forest,23.935339680335932,35.19573077690717,0.9823264338648543
4,Linear Regression,54.210824146913374,69.49161708814492,0.9311016135300918
4,Ridge,63.67558674775257,74.89197910753342,0.919976999697232
4,Overall median,195.66666666666666,289.5808465121039,-0.19642059981331905
4,Neighborhood median,157.66666666666666,205.67182597526576,0.39647700352055526
4,Neighborhood-by-housing-type median,41.13333333333333,64.5612112649693,0.9405314218426606
5,Extra Trees,13.454432220524543,18.946228463934744,0.9942479011874543
5,Gradient Boosting,22.132219625470036,34.53898470884595,0.9808838718935773
5,Random Forest,22.788232704994748,35.853374985342164,0.9794012491444662
5,Linear Regression,49.34456292106129,61.74324687208494,0.9389114628101132
5,Ridge,65.84728827029952,80.63899865743812,0.895799200654398
5,Overall median,204.06666666666666,282.58694827138305,-0.2796317195232092
5,Neighborhood median,133.56666666666666,175.5300544066457,0.5062765296697506
5,Neighborhood-by-housing-type median,55.81666666666667,74.2231432910248,0.9117205776120835
6,Extra Trees,8.83407093425094,12.176253847666326,0.995973930898135
6,Gradient Boosting,19.234857345113983,26.973708692967616,0.9802423556581357
6,Random Forest,19.492393598407396,32.71967094312935,0.9709282153941314
6,Linear Regression,42.70276421870446,50.797814953247105,0.9299280988179047
6,Ridge,50.77720013374642,59.70662877948705,0.903194743944369
6,Overall median,148.66666666666666,211.39315662212593,-0.21348855677680434
6,Neighborhood median,97.16666666666667,116.86167036286962,0.6291502276817018
6,Neighborhood-by-housing-type median,48.96666666666667,65.13370863078502,0.8847965588864657
7,Extra Trees,20.45798005531541,38.4013659860041,0.9810640614943918
7,Gradient Boosting,18.032914825336487,29.936182600425234,0.9884923584177737
7,Random Forest,23.172826823848144,42.96196738987379,0.9762992652041311
7,Linear Regression,57.294257140452565,71.84952761764197,0.9337110220963138
7,Ridge,66.43640374418212,76.83221061117214,0.9241980904604252
7,Overall median,204.46666666666667,288.9749412434695,-0.0722939524315871
7,Neighborhood median,177.63333333333333,224.39719249580642,0.35341097838309965
7,Neighborhood-by-housing-type median,39.93333333333333,57.912433898084444,0.9569337434260599
8,Extra Trees,11.73529152189178,22.65837888513748,0.9906328741664842
8,Gradient Boosting,20.846862085756346,35.643757784067894,0.9768198814549931
8,Random Forest,23.245760583897813,42.690375394951815,0.9667486997409401
8,Linear Regression,46.91878025554719,56.07967541764159,0.94262011576027
8,Ridge,53.389785400574056,66.84132472586877,0.918484765499317
8,Overall median,188.6,249.08887302861737,-0.13202844727083818
8,Neighborhood median,140.1,186.55454966309452,0.3650195195284076
8,Neighborhood-by-housing-type median,51.333333333333336,75.18854079357217,0.8968540932787188
9,Extra Trees,12.698644304954394,18.14986026374835,0.9943248663380287
9,Gradient Boosting,21.720161038128513,36.80854250503238,0.9766586072927735
9,Random Forest,34.87694831090478,49.683102240417654,0.9574747442365705
9,Linear Regression,56.26611216645737,69.64891281031994,0.9164284982360258
9,Ridge,71.1473066881988,89.02806567012112,0.8634526116615346
9,Overall median,202.56666666666666,287.0765867615586,-0.41979313216521663
9,Neighborhood median,137.23333333333332,187.0275380792893,0.3973840292775923
9,Neighborhood-by-housing-type median,66.36666666666666,89.19239504202886,0.8629480639038386
10,Extra Trees,10.028796640211764,13.49617545777838,0.9947926105755449
10,Gradient Boosting,19.009644951192204,35.382358359425645,0.964209136288633
10,Random Forest,17.37874128534238,29.977943282393856,0.9743077409327141
10,Linear Regression,50.51376021547428,59.8204939414192,0.8976945865609495
10,Ridge,62.14878113455197,69.24939551560226,0.8629021642825361
10,Overall median,134.63333333333333,187.8928329305476,-0.009297167302442899
10,Neighborhood median,128.46666666666667,176.39198772431058,0.11047873704315792
10,Neighborhood-by-housing-type median,37.6,56.30438112024084,0.9093676994868978
11,Extra Trees,12.24723074074081,21.10944304033191,0.9924649925585961
11,Gradient Boosting,24.381588810483315,39.65826907615806,0.9734051438266388
11,Random Forest,27.969731743713815,43.01113620104771,0.9687181833456365
11,Linear Regression,62.06419828370052,73.27276098668519,0.9092147594253096
11,Ridge,69.40520308917849,81.7557195710734,0.8869771052029104
11,Overall median,208.43333333333334,275.2338096964107,-0.28095448577946947
11,Neighborhood median,178.1,222.90259457141065,0.15984312966884695
11,Neighborhood-by-housing-type median,54.18333333333333,75.50700850472977,0.9035938666401526
12,Extra Trees,18.302064635713137,28.401394410301585,0.9882847957888159
12,Gradient Boosting,24.6750375834635,35.596517742716436,0.9815971296213067
12,Random Forest,35.25406689876081,50.124979796773324,0.963509571887106
12,Linear Regression,52.487264773040806,67.08073067378805,0.9346469130256324
12,Ridge,71.73592853750412,86.73620193379699,0.8907374481020107
12,Overall median,206.43333333333334,307.9776507042895,-0.3775549797840494
12,Neighborhood median,135.43333333333334,189.56942439820475,0.4780761772716623
12,Neighborhood-by-housing-type median,60.583333333333336,78.38521331645826,0.9107642605878673
13,Extra Trees,9.579998023087994,14.181806296759527,0.9961976516045851
13,Gradient Boosting,19.040701822833636,32.03323592732695,0.9806005046100035
13,Random Forest,18.038672046438275,28.092541463546254,0.9850799296879689
13,Linear Regression,51.80082560946309,60.64121638364516,0.9304776222820201
13,Ridge,60.538398326159864,74.76001147082214,0.8943358831791781
13,Overall median,174.8,234.61553656993817,-0.040644385255671045
13,Neighborhood median,142.13333333333333,183.79866702454618,0.36133440173372944
13,Neighborhood-by-housing-type median,41.86666666666667,63.73957431088894,0.9231918816134163
14,Extra Trees,11.886601585636692,20.149421562260297,0.9925157333186942
14,Gradient Boosting,20.34666315233785,39.08475686887428,0.9718395936655876
14,Random Forest,19.170105174879563,38.51331967098264,0.972657010450786
14,Linear Regression,40.81929338973762,54.39643054171533,0.9454537507524131
14,Ridge,55.1457639182729,64.70386996817311,0.9228235849341856
14,Overall median,165.76666666666668,255.0337886111041,-0.19900096515280397
14,Neighborhood median,128.43333333333334,172.99344881622926,0.4483248758288242
14,Neighborhood-by-housing-type median,43.13333333333333,70.53852375357265,0.9082773020971289
15,Extra Trees,6.973647277066405,10.133713120825039,0.9948994096066724
15,Gradient Boosting,14.770643659913443,27.99246726639425,0.961080648458978
15,Random Forest,14.264292717557657,23.676586880817133,0.9721566536014455
15,Linear Regression,46.54858853429159,55.85156279525137,0.845063444378603
15,Ridge,55.04786840194989,62.44020337340821,0.8063525174699444
15,Overall median,116.33333333333333,142.2440977100046,-0.004966875082263789
15,Neighborhood median,117.0,158.29839965499758,-0.24461859780149542
15,Neighborhood-by-housing-type median,35.416666666666664,51.674058611002614,0.8673740876471333
16,Extra Trees,9.887600303030275,12.665451562372855,0.9974454604313844
16,Gradient Boosting,12.571772082840232,16.621565567142675,0.995600380364792
16,Random Forest,18.528509987517882,26.156295347036757,0.9891050876011895
16,Linear Regression,48.254137573975804,60.07952458352286,0.9425190083107843
16,Ridge,58.56949213016235,70.86534274418199,0.9200277967060969
16,Overall median,183.93333333333334,256.82234456266974,-0.05035689377460284
16,Neighborhood median,128.26666666666668,171.17744204966573,0.5333789334187558
16,Neighborhood-by-housing-type median,43.56666666666667,60.29054652265146,0.9421145093557263
17,Extra Trees,14.425865969498904,22.5296221332012,0.9872107983743293
17,Gradient Boosting,26.090964307394643,44.84364831163715,0.949331564524879
17,Random Forest,27.146502094849545,44.24682603311428,0.9506712779710254
17,Linear Regression,48.299109357806614,62.552206295108164,0.9014127202861958
17,Ridge,54.33767130620052,68.52491928349153,0.8816869408195599
17,Overall median,158.83333333333334,214.43472200182507,-0.15857949236589164
17,Neighborhood median,107.66666666666667,150.46095839120525,0.4295950755362071
17,Neighborhood-by-housing-type median,57.55,80.87371843394696,0.8352025672162011
18,Extra Trees,11.129694867724927,18.33438412578183,0.9933046309282817
18,Gradient Boosting,19.319838480712818,28.815243814531044,0.9834618675052296
18,Random Forest,16.835845070980188,24.833787766481368,0.9877163396293445
18,Linear Regression,54.0505378991996,65.19297099274195,0.9153467928647886
18,Ridge,67.67477836266374,81.23235235021188,0.8685683592962361
18,Overall median,173.93333333333334,250.6791774360208,-0.25163699608156676
18,Neighborhood median,154.76666666666668,198.39598450237511,0.21601523102649756
18,Neighborhood-by-housing-type median,51.36666666666667,73.45350003006438,0.8925350455756307
19,Extra Trees,7.292332502617223,11.293741268849807,0.997583381619297
19,Gradient Boosting,15.32049546135338,26.490262799276373,0.9867044918787241
19,Random Forest,15.90978482184484,27.628054198264284,0.9855378452383828
19,Linear Regression,53.16840132085469,63.70692038389747,0.9231036670876704
19,Ridge,59.32174771716056,68.11716526132093,0.9120885307237111
19,Overall median,175.53333333333333,240.49892584652707,-0.09586911688659239
19,Neighborhood median,163.7,208.8362197193453,0.17368801403837208
19,Neighborhood-by-housing-type median,38.05,58.701433826895006,0.934712532180883
20,Extra Trees,14.995351354201302,22.073637555405355,0.9922028676922391
20,Gradient Boosting,19.314922604657447,24.387575119546433,0.9904824683545262
20,Random Forest,23.273951339455678,33.86188679138798,0.9816511269436226
20,Linear Regression,43.18265890059182,53.63560038897734,0.9539644451344925
20,Ridge,59.663340220877124,70.0646774912214,0.9214429178959191
20,Overall median,181.7,273.6385084985908,-0.19823366842332923
20,Neighborhood median,133.7,179.2169076845151,0.48602138687774843
20,Neighborhood-by-housing-type median,37.25,51.047282004040134,0.9583003571271785
21,Extra Trees,8.818481923718824,12.948312042450256,0.9954688442338889
21,Gradient Boosting,15.698504543396583,27.245001459352146,0.9799388257986863
21,Random Forest,13.16206347362191,22.6432049876761,0.9861433427525388
21,Linear Regression,56.29421622541127,68.85685694519793,0.8718622576338007
21,Ridge,54.612105794556975,64.49696498935239,0.8875754299168722
21,Overall median,149.73333333333332,193.43952543366103,-0.011283949080988176
21,Neighborhood median,156.23333333333332,215.73695402812504,-0.2578584264661248
21,Neighborhood-by-housing-type median,38.21666666666667,55.35514128485869,0.917186983314353
22,Extra Trees,29.17178425444912,52.21883221542694,0.960952357330487
22,Gradient Boosting,34.034378251923286,46.43810680954137,0.9691191303729195
22,Random Forest,40.90717304309096,60.51140574368037,0.9475657580137848
22,Linear Regression,59.09954271826431,72.98112449859727,0.9237286187958974
22,Ridge,80.37511819533825,97.5323397024789,0.8637809663787313
22,Overall median,245.83333333333334,330.70757475449517,-0.5661335547086475
22,Neighborhood median,147.66666666666666,192.17613448778354,0.471141587784474
22,Neighborhood-by-housing-type median,67.56666666666666,90.48020041239225,0.8827676104155123
23,Extra Trees,8.761672121952333,12.760851071033741,0.9955374887843329
23,Gradient Boosting,15.550940800432521,26.116399821260554,0.9813083922891997
23,Random Forest,16.966582800837525,29.9635290960765,0.9753959859367316
23,Linear Regression,44.4198128046202,52.17417835757303,0.9254012968984827
23,Ridge,51.6666744558524,59.74757248423033,0.9021725867803956
23,Overall median,150.23333333333332,193.48669204883316,-0.025940654710824296
23,Neighborhood median,133.56666666666666,172.43385205154274,0.18517358286831398
23,Neighborhood-by-housing-type median,44.38333333333333,67.53462075113771,0.8750106610665098
24,Extra Trees,10.842772234987201,15.895408545927477,0.9951748057121108
24,Gradient Boosting,15.905322377271295,22.788322138147002,0.9900826391466275
24,Random Forest,13.436281252794053,21.31516964699868,0.9913234114632097
24,Linear Regression,48.262099763201256,58.57849186261904,0.9344688501683344
24,Ridge,63.23232724170859,75.11711258312687,0.8922420831226842
24,Overall median,148.73333333333332,233.13654797135518,-0.037987536735997196
24,Neighborhood median,144.73333333333332,202.71877071450487,0.21519936887323554
24,Neighborhood-by-housing-type median,34.266666666666666,48.4236512460595,0.9552197533052132
25,Extra Trees,9.366268512327283,12.770966108494967,0.9971595155378127
25,Gradient Boosting,21.367139675466877,31.047090855402768,0.9832124724505239
25,Random Forest,26.720840991089464,42.327711228454845,0.9687971341070042
25,Linear Regression,52.248334873976525,65.04879278362415,0.9263074821406904
25,Ridge,64.21860337943336,73.44155883766119,0.9060647304142001
25,Overall median,186.4,269.46910769140123,-0.264628257704254
25,Neighborhood median,122.4,155.36816490731513,0.5795939225306962
25,Neighborhood-by-housing-type median,51.81666666666667,68.84590280716299,0.9174530346516003
26,Extra Trees,10.235215507455536,13.163016442544201,0.9961844871835679
26,Gradient Boosting,17.194894507129312,23.986956195610052,0.9873295408463795
26,Random Forest,20.31998031607109,29.226910507611514,0.9811891730287596
26,Linear Regression,56.72239536651144,69.12082750257031,0.8947892959773878
26,Ridge,65.24836667557952,74.60003141788125,0.8774480884071675
26,Overall median,169.5,238.37792123712575,-0.2513365372628389
26,Neighborhood median,139.0,178.65175621862775,0.297159710743473
26,Neighborhood-by-housing-type median,52.46666666666667,69.47109710759815,0.8937202843041914
27,Extra Trees,12.499513192918327,19.328623762323996,0.9944876602533458
27,Gradient Boosting,22.88117940727551,36.29531711501067,0.9805627284318695
27,Random Forest,23.183218785426227,38.62127726562542,0.9779916554263771
27,Linear Regression,51.69827715468689,62.02130596742404,0.9432434582219403
27,Ridge,66.9555338634626,81.48857199593648,0.9020222354034028
27,Overall median,200.7,279.4705112649037,-0.15240753932952344
27,Neighborhood median,141.2,183.77867123254538,0.5016616311995334
27,Neighborhood-by-housing-type median,52.95,83.74400476053992,0.8965235398750584
28,Extra Trees,9.308140976801061,14.532805770686101,0.9940776540798756
28,Gradient Boosting,12.283262049684385,16.63301924054561,0.9922422279954438
28,Random Forest,14.760427261505013,19.902536699252245,0.9888926182383221
28,Linear Regression,45.06986503997182,52.823335133327156,0.9217568244869777
28,Ridge,55.26728725381992,64.19902758382078,0.8844282387185846
28,Overall median,131.76666666666668,201.19223808752332,-0.13505596580183887
28,Neighborhood median,120.93333333333334,165.62930497549843,0.23074701360095506
28,Neighborhood-by-housing-type median,47.75,60.782604419356694,0.8964015061054325
29,Extra Trees,12.54602946719945,20.286268944749533,0.992954394196274
29,Gradient Boosting,19.790171998059247,34.911268150006684,0.9791337102816636
29,Random Forest,25.480043088104715,43.022588486434536,0.9683111078531786
29,Linear Regression,51.513234169622166,64.99876268882777,0.9276690511208634
29,Ridge,51.445523982229034,62.0315541992412,0.9341221664641882
29,Overall median,190.26666666666668,256.99922178870503,-0.13077864962478913
29,Neighborhood median,142.6,193.28286697652916,0.360411419263147
29,Neighborhood-by-housing-type median,49.2,76.93438762997987,0.898666046679806
30,Extra Trees,10.202294445369299,15.807252683837705,0.9958918659624059
30,Gradient Boosting,21.24842455043494,34.460100882894956,0.980476175158062
30,Random Forest,19.765309757306973,33.33350575063702,0.9817318824701218
30,Linear Regression,51.93571135878722,63.49792581337173,0.9337095614860402
30,Ridge,64.81354821171553,79.43921716226703,0.8962467462806417
30,Overall median,183.53333333333333,252.7107701174078,-0.04997586441280366
30,Neighborhood median,153.86666666666667,196.80696972753105,0.3631857652501034
30,Neighborhood-by-housing-type median,52.78333333333333,77.17820288138356,0.9020687862773659
31,Extra Trees,13.579553790120501,19.748800657177544,0.9932002169287412
31,Gradient Boosting,24.950983584337568,35.8489777637985,0.9775938541713795
31,Random Forest,44.48006221170989,67.64998068857432,0.920209909134245
31,Linear Regression,51.43736613538594,61.860875274400705,0.9332815840047204
31,Ridge,68.93528344942521,83.06934573470117,0.8796918120631418
31,Overall median,201.73333333333332,271.2080382289581,-0.28238585873551103
31,Neighborhood median,150.06666666666666,200.1057220571166,0.30187591570734684
31,Neighborhood-by-housing-type median,69.98333333333333,96.72034429219119,0.8369017604672304
32,Extra Trees,12.484205032962675,18.183322926814288,0.9887238529445248
32,Gradient Boosting,17.158481528356894,24.03322028313724,0.9803012729783721
32,Random Forest,20.935642057136725,31.441192616047033,0.966285847258032
32,Linear Regression,46.4246564052885,56.19349558518734,0.8923072851816323
32,Ridge,61.206635536226344,71.69079355382348,0.8247165135016055
32,Overall median,119.83333333333333,177.13436519584033,-0.07008894695108725
32,Neighborhood median,121.66666666666667,165.13151324525148,0.07001884284649185
32,Neighborhood-by-housing-type median,50.21666666666667,69.16652610427484,0.8368428332289666
33,Extra Trees,23.82916129111636,44.4897814824429,0.9682250085110256
33,Gradient Boosting,29.22761955938939,51.887859555537396,0.9567788409318372
33,Random Forest,31.54418509825952,51.19836882439472,0.9579198628323806
33,Linear Regression,40.477431770161424,53.701335088839095,0.9537048960526684
33,Ridge,53.55732209993986,62.39753271568243,0.937497162707382
33,Overall median,213.83333333333334,297.45996929559,-0.4204369303802238
33,Neighborhood median,129.0,173.35637667341035,0.5175586323034028
33,Neighborhood-by-housing-type median,60.6,84.26644251025039,0.8860080411086316
34,Extra Trees,8.77695507585005,12.430319830258433,0.9958502121311423
34,Gradient Boosting,15.073690265836944,27.334986660149344,0.9799322342396231
34,Random Forest,11.883756719357626,18.1129620166494,0.9911886948197252
34,Linear Regression,53.70150305116999,67.93800593034192,0.8760384831698825
34,Ridge,58.57070179769332,68.74762306674542,0.873066380293111
34,Overall median,129.86666666666667,194.5908528168783,-0.016965297230207232
34,Neighborhood median,118.86666666666666,158.6261853120936,0.3242111045473357
34,Neighborhood-by-housing-type median,29.766666666666666,44.25249522155031,0.947405925374369
35,Extra Trees,8.405787350320299,13.090194788137232,0.9976681142042143
35,Gradient Boosting,18.06896793393667,30.052325267895302,0.9877094527635557
35,Random Forest,14.60509198748965,27.907696246064706,0.9894010453592748
35,Linear Regression,63.06208464446921,75.4327108705962,0.9225655015364806
35,Ridge,72.04618265053792,83.96169149155536,0.9040649254452231
35,Overall median,212.16666666666666,278.3770524546399,-0.054585809005161634
35,Neighborhood median,182.16666666666666,223.03688035838377,0.3230315597456421
35,Neighborhood-by-housing-type median,39.95,69.14917449495209,0.9349287636291579
36,Extra Trees,11.347715118629031,15.189489345283022,0.9959239750910729
36,Gradient Boosting,18.435844646853017,28.163240099209965,0.985987497034292
36,Random Forest,20.56353085110374,31.357896639655454,0.9826282195991902
36,Linear Regression,50.62356773075858,64.91799148706168,0.92554726922272
36,Ridge,62.50853437917151,75.95735063717764,0.8980727988855574
36,Overall median,163.9,250.30374880665823,-0.10684087849529944
36,Neighborhood median,134.9,190.87901927660883,0.35632465850020345
36,Neighborhood-by-housing-type median,50.766666666666666,65.43533703843309,0.9243558809349448
37,Extra Trees,14.790177171717142,20.586444257987175,0.9938321218254341
37,Gradient Boosting,20.739492305057926,31.02762453583661,0.9859889668495386
37,Random Forest,26.35619089055852,42.19080738730593,0.9740934978951327
37,Linear Regression,39.42623761037605,48.31820379356737,0.9660222459604086
37,Ridge,60.166049204443794,74.45039907701428,0.9193309085088288
37,Overall median,210.3,301.6976963783449,-0.32469865090047145
37,Neighborhood median,126.13333333333334,169.71004684461082,0.5808319112087812
37,Neighborhood-by-housing-type median,50.5,67.11358531127162,0.9344467865283741
38,Extra Trees,13.806107050901135,23.812840848898702,0.987381947956588
38,Gradient Boosting,21.817035995628043,40.50561995085546,0.9634909558587003
38,Random Forest,27.76176789386539,42.43970409851211,0.9599212110636878
38,Linear Regression,61.32663296941666,70.36036445682272,0.8898394599674558
38,Ridge,69.73721219300425,82.20315945984468,0.8496349457692342
38,Overall median,195.2,257.8564199963486,-0.4795368726741054
38,Neighborhood median,152.2,205.02178746009736,0.06465909721383634
38,Neighborhood-by-housing-type median,61.0,86.99329476076494,0.8316002453065249
39,Extra Trees,6.137703387908626,9.179997842771927,0.9980271614679797
39,Gradient Boosting,10.097104378301436,13.641490259600394,0.9956435772446761
39,Random Forest,11.197921783804421,16.035115411329212,0.9939806365967364
39,Linear Regression,52.01400273729648,63.34399785030983,0.9060671882155091
39,Ridge,55.391164432062375,62.524947479243274,0.9084806231117787
39,Overall median,145.96666666666667,207.0649656508797,-0.003736304765688203
39,Neighborhood median,146.8,196.6741806474183,0.09447367071881918
39,Neighborhood-by-housing-type median,32.93333333333333,45.74476290607848,0.9510120635971661
40,Extra Trees,7.8593846031745835,11.02941256070138,0.9973209532216167
40,Gradient Boosting,14.697979639389755,26.654575674282423,0.9843534324596573
40,Random Forest,14.632264274258016,24.75056915502923,0.9865089449853911
40,Linear Regression,47.448699176696714,60.23887946962923,0.9200848162664053
40,Ridge,60.31649587389635,69.7459690923568,0.8928693453582373
40,Overall median,170.06666666666666,221.8146373288592,-0.08356741284343316
40,Neighborhood median,134.23333333333332,165.7859563815142,0.3946995305881186
40,Neighborhood-by-housing-type median,34.78333333333333,53.872921460290854,0.9360829698567451
41,Extra Trees,9.797610001392353,15.745308001551052,0.9945243188737406
41,Gradient Boosting,15.190946230998856,21.642898942179254,0.989654137756253
41,Random Forest,19.205251353136614,28.124739850057715,0.9825291974202123
41,Linear Regression,52.37947721324901,62.198576471544186,0.9145530198417937
41,Ridge,64.16900592952469,72.78561702378208,0.8829889263625023
41,Overall median,160.23333333333332,236.58835558835096,-0.23629627204609327
41,Neighborhood median,156.56666666666666,206.721954970116,0.0561368405584014
41,Neighborhood-by-housing-type median,48.233333333333334,60.67440426846672,0.91868945536418
42,Extra Trees,14.409497669737624,21.416005064891785,0.9938825948556874
42,Gradient Boosting,27.882631021200055,41.05058175523714,0.9775234860301906
42,Random Forest,38.75265744735653,58.064722255530434,0.9550308138118437
42,Linear Regression,46.803465001616,60.18714097120664,0.9516832460160599
42,Ridge,59.893184384738795,71.44936255320069,0.9319094191102772
42,Overall median,217.8,296.2905105916601,-0.17091617928176506
42,Neighborhood median,120.63333333333334,167.78999771539821,0.6244891772897814
42,Neighborhood-by-housing-type median,60.61666666666667,84.09731466184478,0.905668969455474
43,Extra Trees,15.930346690716783,27.85303117200875,0.9821136465770635
43,Gradient Boosting,26.632613017281574,43.46328126104237,0.9564466166325774
43,Random Forest,26.179438739370653,44.206757730093976,0.9549438369843792
43,Linear Regression,54.23026643896029,66.73249895977216,0.8973280869405442
43,Ridge,64.21033305376618,79.65413160832664,0.8537171233772534
43,Overall median,164.8,225.26972721606424,-0.16999106133464537
43,Neighborhood median,115.13333333333334,141.3041636565132,0.5396514332951234
43,Neighborhood-by-housing-type median,58.6,86.96167738339304,0.8256456874750246
44,Extra Trees,7.417498813593913,11.06238592672496,0.9978166962131136
44,Gradient Boosting,14.120280466441624,19.027594442810884,0.9935407167456913
44,Random Forest,8.196034482304205,11.859731543016055,0.9974906209134785
44,Linear Regression,49.60087445190871,59.5367852663774,0.9367606614072658
44,Ridge,57.30228936605244,67.91646601297589,0.9177062758424566
44,Overall median,158.03333333333333,240.58854918719635,-0.03268165908161125
44,Neighborhood median,125.03333333333333,167.64277497106758,0.49859779511555646
44,Neighborhood-by-housing-type median,35.516666666666666,51.46301260776196,0.9527494390080274
45,Extra Trees,14.218775851370907,23.172606783237242,0.9885458737656232
45,Gradient Boosting,20.059348587499944,30.172422737284226,0.980580745718399
45,Random Forest,19.182845272624117,27.9386223858392,0.9833496964097391
45,Linear Regression,58.66791905642437,74.62941945496169,0.8811956596398605
45,Ridge,67.18826383007043,82.18744668688525,0.8559135445628774
45,Overall median,168.23333333333332,232.64142652015641,-0.1544796586065409
45,Neighborhood median,172.73333333333332,231.2117355729736,-0.14033361900346053
45,Neighborhood-by-housing-type median,46.45,69.02445218906124,0.8983708910270025
46,Extra Trees,10.983508505198587,16.551308840840168,0.9916358665834525
46,Gradient Boosting,18.57009512665828,30.920153153854564,0.9708096340642369
46,Random Forest,15.717190370704639,27.88523989813156,0.9762586704294376
46,Linear Regression,55.366129646439134,65.61383162597573,0.8685540933626058
46,Ridge,57.466473649307645,68.9399073105121,0.8548898948043337
46,Overall median,143.43333333333334,181.17275365425857,-0.00217147482897051
46,Neighborhood median,152.6,211.53541862613298,-0.3662257145785315
46,Neighborhood-by-housing-type median,40.81666666666667,60.910111366395206,0.8867247436417046
47,Extra Trees,14.308347319477942,20.016841565352927,0.9932866100626004
47,Gradient Boosting,27.540497764041945,40.25813919711596,0.9728444774583238
47,Random Forest,34.98066260325442,55.96803612844838,0.9475155191027422
47,Linear Regression,56.80839023451725,74.52994484938014,0.9069294308880795
47,Ridge,67.65996630260199,82.89811012452687,0.8848563401427013
47,Overall median,210.16666666666666,285.72043445764723,-0.36783393318660096
47,Neighborhood median,138.83333333333334,181.89328373160637,0.4456499429158127
47,Neighborhood-by-housing-type median,52.93333333333333,74.21792236380644,0.907707086677207
48,Extra Trees,8.759571062456224,12.585581832404033,0.9968659582355154
48,Gradient Boosting,10.317002284945554,14.529170697122396,0.9958232369686986
48,Random Forest,16.770220151846488,23.18366517397381,0.9893653702117331
48,Linear Regression,42.96800253454496,54.451062396904966,0.941336104359311
48,Ridge,59.15417796687113,67.47417245823125,0.9099189753285666
48,Overall median,158.96666666666667,238.08002856182625,-0.12151249346814419
48,Neighborhood median,125.13333333333334,160.95320230841426,0.48742499151784824
48,Neighborhood-by-housing-type median,47.15,62.937733779771044,0.9216244888696998
49,Extra Trees,10.627222388167603,14.338005793383411,0.9970807581719154
49,Gradient Boosting,19.32982747587042,31.505043399207498,0.9859054006734281
49,Random Forest,19.253401483414276,31.636895379867234,0.985787178989523
49,Linear Regression,52.747293117511504,63.181252813912494,0.9433148844125009
49,Ridge,67.23244328767872,80.45657990876586,0.9080787958479417
49,Overall median,216.0,297.28412335676455,-0.25497768093283546
49,Neighborhood median,155.33333333333334,193.94827489135687,0.4658485493730521
49,Neighborhood-by-housing-type median,49.266666666666666,75.34575856233272,0.9193860522929554
50,Extra Trees,11.120794625809879,18.49441105945771,0.9925302646455562
50,Gradient Boosting,18.73208177722162,28.01971508489383,0.9828544416316828
50,Random Forest,21.58022228396362,32.51653580737603,0.9769095314459244
50,Linear Regression,47.74620347239581,56.301671093090306,0.9307743927649139
50,Ridge,60.3656923974978,70.69403140564506,0.8908585547893186
50,Overall median,148.7,226.19335386640637,-0.11733623601903864
50,Neighborhood median,151.86666666666667,196.58251024273073,0.15605536601698589
50,Neighborhood-by-housing-type median,45.95,62.439504055258695,0.9148581479305443
