Held_out_neighborhood,Method,N_test,MAE_USD,RMSE_USD,R2,Mean_prediction_bias
Kingabwa,Extra Trees,50,94.43866682539684,123.71543196304613,-0.40888906914775625,94.43866682539684
Kingabwa,Training-set median,50,108.68,124.98707933222538,-0.43800132877623876,68.98
Kingabwa,Housing-type median,50,114.84,168.5417455706449,-1.6148333963208423,112.88
Mombele,Extra Trees,50,82.99030465445666,107.85322365540274,-0.09959330649394982,82.99030465445666
Mombele,Training-set median,50,95.18,110.49565602321206,-0.15413400242841613,40.38
Mombele,Housing-type median,50,100.02,152.94244015315041,-1.2111685907259169,96.98
Résidentiel,Extra Trees,50,261.5481014210234,308.0642633381411,-0.27165044128984617,-261.5481014210234
Résidentiel,Training-set median,50,349.5,419.3064034807959,-1.3558524860897556,-318.1
Résidentiel,Housing-type median,50,275.45,326.29378633372716,-0.4266016126168679,-275.45
