Observation_ID,Quartier,Loyer_raisonnable,Prediction__Extra Trees,Erreur_absolue__Extra Trees,Prediction__Gradient Boosting,Erreur_absolue__Gradient Boosting,Prediction__Forêt aléatoire,Erreur_absolue__Forêt aléatoire,Prediction__Régression linéaire,Erreur_absolue__Régression linéaire,Prediction__Ridge,Erreur_absolue__Ridge,Prediction__Baseline médiane générale,Erreur_absolue__Baseline médiane générale,Prediction__Baseline médiane par quartier,Erreur_absolue__Baseline médiane par quartier,Prediction__Baseline médiane quartier × type,Erreur_absolue__Baseline médiane quartier × type
LJK001,Mombele,220.0,230.24521428571444,10.24521428571444,255.92611620350573,35.92611620350573,250.0811890331891,30.081189033189105,209.9586275492361,10.041372450763902,247.86084841445867,27.860848414458673,182.5,37.5,160.0,60.0,230.0,10.0
LJK002,Mombele,70.0,75.70249841269839,5.7024984126983895,76.03628229689244,6.036282296892438,89.04552479464978,19.04552479464978,42.9311208346227,27.068879165377297,30.876456707871768,39.12354329212823,172.5,102.5,160.0,90.0,62.5,7.5
LJK003,Mombele,160.0,155.69549999999998,4.304500000000019,160.27211922471136,0.27211922471136063,168.85701079476075,8.857010794760754,171.29843157594854,11.298431575948541,177.8192123451526,17.819212345152607,165.0,5.0,145.0,15.0,177.5,17.5
LJK004,Mombele,40.0,39.73263333333332,0.26736666666668185,40.5531366773635,0.5531366773634971,43.921199365667,3.9211993656670003,43.39714343618431,3.397143436184308,19.530627089248725,20.469372910751275,165.0,125.0,145.0,105.0,33.5,6.5
LJK005,Mombele,350.0,355.245,5.2450000000000045,371.58871897712453,21.58871897712453,365.67331920856884,15.673319208568842,487.1112494209044,137.11124942090441,442.6307575145787,92.6307575145787,182.5,167.5,160.0,190.0,365.0,15.0
LJK006,Mombele,60.0,61.93586709956712,1.935867099567119,60.98190328640149,0.98190328640149,61.68448857808858,1.6844885780885832,6.1669008906144995,53.8330991093855,20.16776239301086,39.83223760698914,162.5,102.5,152.5,92.5,66.0,6.0
LJK007,Mombele,180.0,161.63076190476187,18.36923809523813,143.24908931402365,36.75091068597635,172.7601296481296,7.239870351870394,176.7317481468158,3.2682518531842106,180.60011744099694,0.6001174409969394,165.0,15.0,145.0,35.0,230.0,50.0
LJK008,Mombele,30.0,32.228673809523826,2.2286738095238263,35.334139741294734,5.3341397412947344,32.80562213848239,2.8056221384823914,6.471272153753091,23.52872784624691,14.742322075859846,15.257677924140154,162.5,132.5,152.5,122.5,35.5,5.5
LJK009,Mombele,250.0,212.33333333333266,37.66666666666734,222.5581303985877,27.441869601412293,215.08087634587642,34.91912365412358,279.29343508860467,29.293435088604667,285.8275251090047,35.82752510900468,165.0,85.0,145.0,105.0,177.5,72.5
LJK010,Mombele,300.0,285.9051666666666,14.094833333333384,279.76469383411876,20.23530616588124,284.61108016983025,15.388919830169755,327.1493794841019,27.149379484101928,340.0592256499515,40.059225649951486,182.5,117.5,155.0,145.0,222.5,77.5
LJK011,Mombele,50.0,59.503699284049304,9.503699284049304,57.36768977203047,7.367689772030467,56.99021916971917,6.990219169719168,7.192705571087004,42.807294428912996,31.091447988194204,18.908552011805796,182.5,132.5,160.0,110.0,68.0,18.0
LJK012,Mombele,140.0,151.36269696969703,11.362696969697026,132.74457107574213,7.2554289242578704,147.3116693029193,7.311669302919313,134.3178428778097,5.68215712219029,169.1318574510417,29.131857451041697,182.5,42.5,160.0,20.0,230.0,90.0
LJK013,Mombele,35.0,35.00455630252092,0.004556302520917654,36.056023286193344,1.0560232861933443,35.53062848009476,0.5306284800947623,9.02121796434551,25.97878203565449,10.292250178562938,24.707749821437062,182.5,147.5,155.0,120.0,34.0,1.0
LJK014,Mombele,200.0,208.63899999999938,8.638999999999385,222.5581303985877,22.558130398587707,212.70033269508278,12.700332695082778,242.66264713416803,42.662647134168026,277.57309615358344,77.57309615358344,165.0,35.0,145.0,55.0,177.5,22.5
LJK015,Mombele,280.0,291.7719199134196,11.771919913419595,288.6337568408929,8.633756840892886,287.54534208846695,7.545342088466953,326.9385537907392,46.938553790739206,332.7350482429009,52.735048242900916,172.5,107.5,160.0,120.0,227.5,52.5
LJK016,Mombele,65.0,67.87845079920085,2.8784507992008486,65.39459166057507,0.3945916605750739,67.85301608946608,2.853016089466081,34.13988460290875,30.86011539709125,37.96566497816349,27.03433502183651,182.5,117.5,160.0,95.0,68.0,3.0
LJK017,Mombele,210.0,227.2362619047622,17.236261904762188,181.2194333713627,28.780566628637303,217.33091053391055,7.330910533910554,176.27465375945891,33.725346240541086,239.26807717699705,29.268077176997053,182.5,27.5,160.0,50.0,230.0,20.0
LJK018,Mombele,45.0,38.918941025641004,6.081058974358996,38.34572313578606,6.654276864213941,43.61846285773049,1.381537142269508,36.070985845296946,8.929014154703054,17.879741298164475,27.120258701835525,165.0,120.0,145.0,100.0,33.5,11.5
LJK019,Mombele,150.0,152.84249999999983,2.8424999999998306,153.0687012511325,3.068701251132495,151.48872675935175,1.4887267593517493,134.08945342846584,15.910546571534155,173.55153918263318,23.551539182633178,182.5,32.5,155.0,5.0,200.0,50.0
LJK020,Mombele,370.0,375.8496666666667,5.849666666666678,373.768386619631,3.7683866196309737,374.44352594627605,4.443525946276054,455.43205301004355,85.43205301004355,492.5320606534923,122.5320606534923,182.5,187.5,155.0,215.0,355.0,15.0
LJK021,Mombele,75.0,69.57027936507926,5.429720634920741,64.78064804414565,10.21935195585435,69.32935746720595,5.670642532794048,29.359133209555893,45.64086679044411,27.60646080718996,47.39353919281004,172.5,97.5,160.0,85.0,62.5,12.5
LJK022,Mombele,170.0,160.07938095238106,9.920619047618942,153.1790095465594,16.8209904534406,159.2214378954379,10.778562104562099,148.304320675662,21.695679324337988,169.46970883525904,0.5302911647409587,172.5,2.5,160.0,10.0,227.5,57.5
LJK023,Mombele,32.0,32.94361282051285,0.9436128205128469,35.92699288347077,3.926992883470767,34.5062213841714,2.506221384171397,-8.726957625010016,40.726957625010016,-3.588441241628516,35.588441241628516,182.5,150.5,160.0,128.0,34.5,2.5
LJK024,Mombele,230.0,227.79833333333343,2.2016666666665685,255.90929438343187,25.90929438343187,226.77096675546662,3.229033244533383,307.31875581841786,77.31875581841786,299.8227108926293,69.82271089262929,162.5,67.5,152.5,77.5,200.0,30.0
LJK025,Mombele,290.0,288.2669047619049,1.7330952380950748,278.1400389162425,11.859961083757526,291.64860120435105,1.6486012043510527,367.1560637803123,77.15606378031231,344.3757429773756,54.37574297737558,162.5,127.5,152.5,137.5,215.0,75.0
LJK026,Mombele,55.0,58.14957619047629,3.1495761904762887,60.98190328640149,5.98190328640149,56.95474669219671,1.9547466921967072,0.1697187012959489,54.83028129870405,18.56272806916914,36.43727193083086,162.5,107.5,152.5,97.5,66.0,11.0
LJK027,Mombele,130.0,143.48469047619056,13.484690476190565,147.95044580535156,17.950445805351563,148.36269123931626,18.362691239316263,110.3116936913415,19.688306308658497,165.59131862480447,35.59131862480447,182.5,52.5,155.0,25.0,222.5,92.5
LJK028,Mombele,36.0,37.96594615384616,1.9659461538461613,36.351327554758626,0.3513275547586261,38.639807153957115,2.639807153957115,4.746631890900915,31.253368109099085,-0.15133274664384544,36.151332746643845,182.5,146.5,160.0,124.0,34.5,1.5
LJK029,Mombele,200.0,220.52609523809525,20.52609523809525,226.82575030829165,26.825750308291646,225.8402677877677,25.840267787767687,256.0847657832161,56.084765783216085,278.48807368744366,78.48807368744366,182.5,17.5,160.0,40.0,200.0,0.0
LJK030,Mombele,270.0,283.0511666666667,13.051166666666688,271.2656400345989,1.2656400345989027,280.3256656676658,10.325665667665817,296.21677418437594,26.216774184375936,331.82888116735967,61.82888116735967,182.5,87.5,155.0,115.0,222.5,47.5
LJK031,Mombele,68.0,63.658678571428645,4.341321428571355,63.98659368400006,4.013406315999937,64.3852797147297,3.6147202852702947,12.951695857494713,55.04830414250529,24.59745836112245,43.40254163887755,182.5,114.5,155.0,87.0,62.5,5.5
LJK032,Mombele,230.0,218.8514166666656,11.148583333334386,187.64920963701383,42.350790362986174,211.98793525918535,18.01206474081465,200.1709734078861,29.829026592113905,247.8870654478229,17.88706544782289,182.5,47.5,155.0,75.0,222.5,7.5
LJK033,Mombele,42.0,41.37931282051282,0.6206871794871773,50.16321269261256,8.16321269261256,43.81892659007658,1.818926590076579,24.957016164767253,17.042983835232747,5.004329995833075,36.995670004166925,182.5,140.5,160.0,118.0,34.5,7.5
LJK034,Mombele,155.0,153.1775,1.822499999999991,157.99934179996987,2.9993417999698693,157.3683653568654,2.368365356865411,147.3671996603182,7.632800339681808,179.5241539025825,24.524153902582498,162.5,7.5,152.5,2.5,200.0,45.0
LJK035,Mombele,360.0,365.963333333333,5.963333333333026,374.16415261079544,14.16415261079544,371.23047979797997,11.230479797979967,438.1378712542365,78.13787125423647,489.4585806751478,129.4585806751478,162.5,197.5,152.5,207.5,360.0,0.0
LJK036,Mombele,80.0,71.1139385281385,8.886061471861495,73.97815021918916,6.0218497808108395,73.12667701742699,6.873322982573015,30.15562964788893,49.84437035211107,26.58789968837769,53.41210031162231,162.5,82.5,152.5,72.5,66.0,14.0
LJK037,Mombele,165.0,158.1490238095238,6.850976190476189,149.42939556845047,15.570604431549526,168.67931741869245,3.679317418692449,141.24429899106747,23.755701008932533,173.82166310739626,8.821663107396262,182.5,17.5,155.0,10.0,222.5,57.5
LJK038,Mombele,28.0,31.997619607843053,3.9976196078430526,35.660472923568406,7.660472923568406,33.31475289514406,5.314752895144061,-15.546136859250907,43.54613685925091,-0.020680306130856252,28.020680306130856,172.5,144.5,160.0,132.0,35.0,7.0
LJK039,Mombele,240.0,217.00833333333273,22.99166666666727,249.87592090271602,9.875920902716018,222.17232858807873,17.827671411921273,315.9242230430413,75.92422304304131,294.08195406442593,54.08195406442593,165.0,75.0,145.0,95.0,177.5,62.5
LJK040,Mombele,310.0,293.03700000000015,16.96299999999985,315.68372321024094,5.683723210240942,297.7959897324896,12.204010267510398,397.14197472690535,87.14197472690535,352.4009145965842,42.40091459658419,162.5,147.5,152.5,157.5,215.0,95.0
LJK041,Mombele,52.0,58.89830880785882,6.898308807858818,57.36768977203047,5.367689772030467,56.670363614163605,4.670363614163605,0.45591081313153836,51.54408918686846,29.372893740701898,22.627106259298102,182.5,130.5,160.0,108.0,68.0,16.0
LJK042,Mombele,135.0,143.8802142857142,8.880214285714203,153.1790095465594,18.1790095465594,147.7767124264625,12.776712426462495,114.37435161299516,20.625648387004844,161.29471908355453,26.294719083554526,172.5,37.5,160.0,25.0,227.5,92.5
LJK043,Mombele,33.0,31.15261282051281,1.847387179487189,35.92699288347077,2.926992883470767,33.81659043179044,0.8165904317904378,-15.463752382965538,48.46375238296554,-5.3069954891208795,38.30699548912088,182.5,149.5,160.0,127.0,34.5,1.5
LJK044,Mombele,210.0,221.0416666666669,11.041666666666913,221.35683336228269,11.356833362282686,220.96912873237864,10.969128732378636,289.32720925046203,79.32720925046203,295.0076079211041,85.00760792110412,162.5,47.5,152.5,57.5,200.0,10.0
LJK045,Mombele,280.0,285.5551948051943,5.555194805194276,280.1766406205708,0.1766406205708222,286.88414516039524,6.884145160395235,305.80979649452877,25.80979649452877,331.7455021203526,51.745502120352626,182.5,97.5,160.0,120.0,230.0,50.0
LJK046,Mombele,66.0,67.29817857142858,1.2981785714285792,65.35088990461934,0.6491100953806637,67.50421148296145,1.504211482961452,19.138216917439934,46.861783082560066,26.24352725764078,39.75647274235922,182.5,116.5,155.0,89.0,62.5,3.5
LJK047,Mombele,225.0,219.10499999999996,5.895000000000039,193.9484279110769,31.05157208892311,211.7722542735044,13.227745726495613,183.92232162832948,41.077678371670515,243.9999687074572,18.999968707457214,165.0,60.0,145.0,80.0,230.0,5.0
LJK048,Mombele,34.0,35.41684047619053,1.4168404761905293,35.334139741294734,1.3341397412947344,38.16887357723976,4.168873577239758,18.465636532390306,15.534363467609694,17.95239072354326,16.04760927645674,162.5,128.5,152.5,118.5,35.5,1.5
LJK049,Mombele,155.0,154.53909523809523,0.4609047619047715,148.2542186195685,6.745781380431509,156.92606993006981,1.926069930069815,147.268544695335,7.7314553046649905,173.55559479109246,18.55559479109246,172.5,17.5,160.0,5.0,200.0,45.0
LJK050,Mombele,295.0,287.03957142857155,7.9604285714284515,278.1400389162425,16.859961083757526,288.21665675990664,6.783343240093359,349.1645172123565,54.164517212356486,339.5606400058505,44.56064000585047,162.5,132.5,152.5,142.5,215.0,80.0
LJK051,Résidentiel,550.0,566.7075262515262,16.707526251526247,435.06589149734754,114.93410850265246,474.94622475073953,75.05377524926047,412.03779973475497,137.96220026524503,457.4841846713398,92.51581532866021,165.0,385.0,465.0,85.0,460.0,90.0
LJK052,Résidentiel,120.0,116.00466666666667,3.9953333333333347,104.43074546657483,15.569254533425166,115.74714184704185,4.252858152958154,239.69895243536723,119.69895243536723,227.8830106917051,107.8830106917051,182.5,62.5,545.0,425.0,110.0,10.0
LJK053,Résidentiel,450.0,502.85085714285395,52.850857142853954,547.6192988901655,97.61929889016551,554.5913521756023,104.59135217560231,419.7032029231366,30.296797076863413,425.0476699479956,24.952330052004413,172.5,277.5,470.0,20.0,590.0,140.0
LJK054,Résidentiel,50.0,53.4595,3.4594999999999985,68.79664267234463,18.796642672344632,41.2159696790138,8.784030320986197,150.2256219903398,100.22562199033979,179.56846284332045,129.56846284332045,162.5,112.5,510.0,460.0,55.0,5.0
LJK055,Résidentiel,700.0,757.0911428571409,57.09114285714088,728.890761542063,28.890761542063046,746.372301198801,46.37230119880098,644.233671835739,55.76632816426104,674.2449224075796,25.755077592420434,165.0,535.0,465.0,235.0,780.0,80.0
LJK056,Résidentiel,400.0,427.90661471861415,27.90661471861415,381.64262737947445,18.357372620525553,283.5834953102454,116.41650468975462,380.69297401611857,19.30702598388143,389.60775829717386,10.39224170282614,182.5,217.5,540.0,140.0,555.0,155.0
LJK057,Résidentiel,100.0,109.09686666666667,9.09686666666667,104.40575463983417,4.405754639834171,77.3690906564024,22.630909343597594,193.67814124605064,93.67814124605064,205.6936203354901,105.6936203354901,182.5,82.5,540.0,440.0,122.5,22.5
LJK058,Résidentiel,650.0,661.3836190476197,11.383619047619732,558.1307995390489,91.8692004609511,623.4692318514823,26.530768148517723,536.1642947308087,113.8357052691913,513.22033145318,136.77966854681995,172.5,477.5,470.0,180.0,590.0,60.0
LJK059,Résidentiel,700.0,651.202507936508,48.79749206349197,603.6573557872061,96.34264421279386,590.3553974913978,109.64460250860225,564.3693756272376,135.63062437276244,509.048403511537,190.951596488463,172.5,527.5,470.0,230.0,500.0,200.0
LJK060,Résidentiel,850.0,833.31914285714,16.680857142859963,843.4935971983455,6.506402801654531,795.2767427572431,54.72325724275686,680.728875680802,169.27112431919795,744.2483168383769,105.75168316162308,165.0,685.0,465.0,385.0,780.0,70.0
LJK061,Résidentiel,430.0,435.64429220779243,5.644292207792432,406.25764042947714,23.742359570522865,326.5285725108225,103.47142748917747,412.95022797607,17.049772023930018,396.5506454275376,33.449354572462425,182.5,247.5,545.0,115.0,550.0,120.0
LJK062,Résidentiel,115.0,113.70048015873041,1.2995198412695856,112.20911460182806,2.7908853981719375,110.70603692418696,4.293963075813039,199.05207313208973,84.05207313208973,204.23508804352718,89.23508804352718,165.0,50.0,465.0,350.0,120.0,5.0
LJK063,Résidentiel,470.0,504.7608737373738,34.7608737373738,565.9773229335135,95.9773229335135,560.4811950710108,90.4811950710108,452.18904759338767,17.81095240661233,435.82942471212675,34.17057528787325,162.5,307.5,510.0,40.0,540.0,70.0
LJK064,Résidentiel,55.0,53.7797,1.2203000000000017,68.51608409929905,13.51608409929905,47.65785784019899,7.342142159801007,154.16303530967247,99.16303530967247,186.2346292783311,131.2346292783311,165.0,110.0,465.0,410.0,52.0,3.0
LJK065,Résidentiel,720.0,767.4807301587306,47.48073015873058,754.4533144005335,34.453314400533486,774.005325702076,54.00532570207599,735.1428353577226,15.14283535772256,699.9653249721537,20.034675027846333,182.5,537.5,540.0,180.0,820.0,100.0
LJK066,Résidentiel,560.0,583.0579588744588,23.05795887445879,439.4757700793536,120.5242299206464,458.9355512575661,101.06444874243391,454.90703885771916,105.09296114228084,466.68686515349293,93.31313484650707,182.5,377.5,545.0,15.0,550.0,10.0
LJK067,Résidentiel,130.0,117.78033333333333,12.219666666666669,119.13273868065087,10.867261319349126,132.60488030303028,2.604880303030285,253.1725419512781,123.1725419512781,231.32011918668974,101.32011918668974,182.5,52.5,545.0,415.0,110.0,20.0
LJK068,Résidentiel,680.0,682.149111111111,2.149111111110983,659.3025738377768,20.697426162223223,636.3382690087689,43.66173099123114,605.6839909383634,74.31600906163658,545.7226072987868,134.27739270121322,182.5,497.5,545.0,135.0,540.0,140.0
LJK069,Résidentiel,450.0,446.2299956709956,3.7700043290043936,451.76067923263207,1.7606792326320715,435.456074064824,14.543925935175992,442.5581846155705,7.441815384429503,406.06844726235744,43.93155273764256,182.5,267.5,540.0,90.0,555.0,105.0
LJK070,Résidentiel,880.0,848.6023492063493,31.397650793650655,870.3168284270954,9.683171572904598,833.4086730214234,46.5913269785766,787.882988714596,92.11701128540403,772.3846584160619,107.61534158393806,182.5,697.5,540.0,340.0,820.0,60.0
LJK071,Résidentiel,580.0,584.7934696969697,4.793469696969737,459.81413463541,120.18586536458997,490.7954858635517,89.20451413644832,499.0505631695533,80.9494368304467,477.48912625082363,102.51087374917637,162.5,417.5,510.0,70.0,555.0,25.0
LJK072,Résidentiel,105.0,109.77707460317475,4.7770746031747535,100.45945917189285,4.540540828107154,96.66211826506826,8.337881734931742,191.0829174618919,86.0829174618919,196.64675836508286,91.64675836508286,172.5,67.5,470.0,365.0,117.5,12.5
LJK073,Résidentiel,500.0,503.7006111111111,3.7006111111110727,552.5297372123684,52.529737212368445,561.5454648129646,61.54546481296461,529.1252564102124,29.125256410212387,463.5323162112355,36.467683788764475,165.0,335.0,465.0,35.0,650.0,150.0
LJK074,Résidentiel,52.0,54.73180952380952,2.731809523809517,63.99624128775934,11.99624128775934,48.249861513727836,3.7501384862721636,158.81505805317533,106.81505805317533,183.15806767033882,131.15806767033882,182.5,130.5,540.0,488.0,56.5,4.5
LJK075,Résidentiel,750.0,740.5185396825394,9.481460317460574,716.8521412466926,33.147858753307446,740.201534572153,9.798465427846963,700.3197069465793,49.680293053420655,680.3342487373276,69.66575126267242,172.5,577.5,470.0,280.0,820.0,70.0
LJK076,Résidentiel,410.0,432.8029588744591,22.80295887445908,406.25764042947714,3.742359570522865,325.8339646464646,84.16603535353539,392.73984370220364,17.260156297796357,391.3949826850606,18.605017314939403,182.5,227.5,545.0,135.0,550.0,140.0
LJK077,Résidentiel,110.0,119.47,9.469999999999999,118.26187594873537,8.261875948735366,116.83314057037737,6.833140570377367,218.4242254858314,108.42422548583141,212.2778959215635,102.2778959215635,182.5,72.5,540.0,430.0,122.5,12.5
LJK078,Résidentiel,660.0,671.1198744588755,11.119874458875529,626.242573503391,33.757426496609014,622.1959961033119,37.80400389668807,570.8822355100849,89.11776448991509,525.2522269832533,134.7477730167467,162.5,497.5,510.0,150.0,540.0,120.0
LJK079,Résidentiel,600.0,602.0464480519482,2.046448051948232,561.8407373027507,38.159262697249346,546.4026960539463,53.59730394605367,526.23094327217,73.76905672783005,486.71812518885747,113.28187481114253,182.5,417.5,540.0,60.0,555.0,45.0
LJK080,Résidentiel,900.0,847.9921428571399,52.007857142860075,843.4935971983455,56.50640280165453,795.2767427572431,104.72325724275686,827.2520274985487,72.74797250145127,777.2660326600618,122.7339673399382,165.0,735.0,465.0,435.0,780.0,120.0
LJK081,Résidentiel,440.0,435.0815454545452,4.918454545454779,453.26456544984165,13.264565449841655,398.6910591908093,41.30894080919069,422.33765057808625,17.662349421913746,399.301564246589,40.69843575341099,162.5,277.5,510.0,70.0,555.0,115.0
LJK082,Résidentiel,125.0,116.70133333333332,8.298666666666676,104.43074546657483,20.569254533425166,121.53524502164501,3.464754978354989,246.4357471933227,121.4357471933227,229.6015649391974,104.6015649391974,182.5,57.5,545.0,420.0,110.0,15.0
LJK083,Résidentiel,520.0,509.6978333333337,10.302166666666324,558.1589426254735,38.158942625473514,568.0050187867688,48.0050187867688,554.1200084749074,34.12000847490742,475.0731565247045,44.92684347529553,182.5,337.5,540.0,20.0,650.0,130.0
LJK084,Résidentiel,58.0,53.6537,4.346299999999999,70.15561217768098,12.155612177680979,48.70528269867385,9.294717301326152,161.48919290055989,103.48919290055989,187.88551506941536,129.88551506941536,165.0,107.0,465.0,407.0,52.0,6.0
LJK085,Résidentiel,770.0,757.2194285714263,12.780571428573694,737.2261398530757,32.773860146924335,764.9549206349207,5.045079365079346,761.8076867703812,8.192313229618776,702.4357511578598,67.56424884214016,162.5,607.5,510.0,260.0,850.0,80.0
LJK086,Résidentiel,620.0,613.7186969696969,6.281303030303093,599.999183226333,20.000816773666998,583.0410681573325,36.95893184266754,555.9589602270507,64.04103977294926,492.46517886587776,127.53482113412224,182.5,437.5,545.0,75.0,550.0,70.0
LJK087,Résidentiel,110.0,111.26433333333323,1.2643333333332265,97.99092075332766,12.009079246672343,100.08829076479076,9.911709235209244,219.4885681615009,109.4885681615009,222.7273479492281,112.72734794922809,182.5,72.5,545.0,435.0,110.0,0.0
LJK088,Résidentiel,700.0,688.2898095238107,11.710190476189268,678.1562364566776,21.84376354332244,657.6125833888339,42.387416611166145,637.9542019188093,62.045798081190696,537.7453007082936,162.2546992917064,172.5,527.5,470.0,230.0,590.0,110.0
LJK089,Résidentiel,460.0,447.61889682539646,12.381103174603538,453.2596311673103,6.740368832689683,434.7997642635145,25.200235736485524,450.77045258148684,9.229547418513164,392.5941499148613,67.4058500851387,172.5,287.5,470.0,10.0,500.0,40.0
LJK090,Résidentiel,850.0,840.28514285714,9.714857142859955,843.4935971983455,6.506402801654531,795.2767427572431,54.72325724275686,717.3596636352388,132.6403363647612,752.5027457937981,97.49725420620189,165.0,685.0,465.0,385.0,780.0,70.0
LJK091,Résidentiel,640.0,609.1055714285714,30.894428571428648,603.6573557872061,36.34264421279386,573.0785960428465,66.92140395715353,587.589525826759,52.41047417324103,485.67180527106854,154.32819472893146,172.5,467.5,470.0,170.0,500.0,140.0
LJK092,Résidentiel,135.0,125.90647619047611,9.093523809523887,120.43758584203376,14.562414157966245,132.91685507825497,2.0831449217450313,238.58487414962548,103.58487414962548,208.09174401746915,73.09174401746915,172.5,37.5,470.0,335.0,117.5,17.5
LJK093,Résidentiel,540.0,518.249452380949,21.750547619050963,538.0194147726119,1.9805852273881328,563.3425659618161,23.34256596181615,589.3530482364708,49.35304823647084,465.92261870651805,74.07738129348195,172.5,367.5,470.0,70.0,590.0,50.0
LJK094,Résidentiel,60.0,54.899,5.100999999999999,76.40246762900475,16.402467629004747,50.37692614493353,9.623073855066473,174.21435074761422,114.21435074761422,185.9886001386873,125.9886001386873,162.5,102.5,510.0,450.0,55.0,5.0
LJK095,Résidentiel,790.0,768.1807619047597,21.81923809524028,789.5442598444063,0.4557401555937304,790.1998983238981,0.1998983238980827,791.7935977169741,1.7935977169740909,710.4609227770684,79.53907722293161,162.5,627.5,510.0,280.0,850.0,60.0
LJK096,Résidentiel,450.0,443.55821212121134,6.441787878788659,453.26456544984165,3.2645654498416548,411.10665298590305,38.893347014096946,434.3320149567234,15.667985043276587,402.51163289427245,47.48836710572755,162.5,287.5,510.0,60.0,555.0,105.0
LJK097,Résidentiel,140.0,118.65433333333334,21.34566666666666,119.13273868065087,20.867261319349126,132.60488030303028,7.395119696969715,266.646131467189,126.64613146718898,234.75722768167438,94.75722768167438,182.5,42.5,545.0,405.0,110.0,30.0
LJK098,Résidentiel,720.0,678.4334603174614,41.56653968253863,664.3654454792896,55.63455452071037,639.2881411249568,80.71185887504316,660.839968349864,59.160031650136034,549.3277418408791,170.67225815912093,162.5,557.5,510.0,210.0,540.0,180.0
LJK099,Résidentiel,660.0,620.6308992673995,39.36910073260049,612.0094488630773,47.990551136922704,597.7636120578773,62.23638794212275,631.8225274613749,28.177472538625125,507.01075840386727,152.98924159613273,165.0,495.0,465.0,195.0,460.0,200.0
LJK100,Résidentiel,890.0,867.0096825396824,22.990317460317556,868.363507565447,21.63649243455302,828.1436207082395,61.856379291760504,816.7807987542514,73.21920124574865,768.506910242512,121.49308975748795,172.5,717.5,470.0,420.0,820.0,70.0
LJK101,Kingabwa,160.0,181.69350000000006,21.693500000000057,138.94982043966047,21.05017956033953,180.95087720612727,20.950877206127274,57.13955090709942,102.86044909290058,212.46392703200044,52.46392703200044,165.0,5.0,142.5,17.5,187.5,27.5
LJK102,Kingabwa,60.0,62.34745995670995,2.3474599567099474,60.717511940076875,0.717511940076875,61.89309932844933,1.8930993284493312,-0.8942568717664585,60.89425687176646,12.886933652281158,47.11306634771884,162.5,102.5,140.0,80.0,68.0,8.0
LJK103,Kingabwa,130.0,154.14542857142854,24.14542857142854,147.65990963213696,17.65990963213696,154.68055802530793,24.68055802530793,131.06512086896518,1.065120868965181,167.8891693685784,37.88916936857839,172.5,42.5,147.5,17.5,200.0,70.0
LJK104,Kingabwa,40.0,44.28982198879557,4.289821988795573,42.81848835617194,2.8184883561719403,44.79726612358232,4.797266123582318,29.324383627179515,10.675616372820485,9.02787582442312,30.97212417557688,172.5,132.5,147.5,107.5,39.0,1.0
LJK105,Kingabwa,250.0,270.37066666666715,20.370666666667148,270.67896434764043,20.67896434764043,279.383536879787,29.383536879787016,262.52845496141697,12.52845496141697,316.4393476032834,66.43934760328341,182.5,67.5,140.0,110.0,190.0,60.0
LJK106,Kingabwa,50.0,59.44333579198602,9.443335791986023,55.47557822094571,5.475578220945707,57.152048083495444,7.152048083495444,4.70770909955246,45.29229090044754,23.699624626808003,26.300375373191997,182.5,132.5,145.0,95.0,68.0,18.0
LJK107,Kingabwa,140.0,140.89921428571455,0.8992142857145495,152.34591179994936,12.345911799949363,150.92466633366638,10.92466633366638,132.10089684929218,7.899103150707816,163.80328341274495,23.803283412744946,172.5,32.5,147.5,7.5,190.0,50.0
LJK108,Kingabwa,35.0,36.4015219887955,1.4015219887955013,35.967260174624556,0.9672601746245562,36.66655994920112,1.6665599492011225,8.966402189579497,26.033597810420503,4.122881973400439,30.87711802659956,172.5,137.5,147.5,112.5,39.0,4.0
LJK109,Kingabwa,200.0,205.68879365079363,5.688793650793627,217.98558379390218,17.98558379390218,209.1840490620489,9.1840490620489,243.764447001258,43.76444700125799,272.1256717887117,72.12567178871171,182.5,17.5,140.0,60.0,182.5,17.5
LJK110,Kingabwa,280.0,278.94807575757625,1.0519242424237518,276.9235830101089,3.0764169898910723,284.52702702852713,4.5270270285271295,316.7983895389052,36.79838953890521,327.7907872539511,47.79078725395112,182.5,97.5,145.0,135.0,182.5,97.5
LJK111,Kingabwa,55.0,53.88986587301598,1.110134126984022,52.9932171258025,2.006782874197498,50.785345265845216,4.214654734154784,-14.550102305518976,69.55010230551898,10.853993693564519,44.14600630643548,182.5,127.5,140.0,85.0,66.5,11.5
LJK112,Kingabwa,130.0,136.6005000000002,6.60050000000021,137.66778752210521,7.667787522105215,141.79079489954503,11.790794899545034,92.72261923794377,37.277380762056225,150.2241380751841,20.2241380751841,162.5,32.5,140.0,10.0,187.5,57.5
LJK113,Kingabwa,32.0,33.629498168498166,1.6294981684981664,33.39052059445947,1.390520594459467,37.34525838964956,5.345258389649558,4.528263805602251,27.47173619439775,7.805214906802945,24.194785093197055,165.0,133.0,142.5,110.5,38.0,6.0
LJK114,Kingabwa,210.0,217.75333333333427,7.753333333334268,248.90620255571173,38.90620255571173,217.8800144022645,7.880014402264493,288.26323367739974,78.26323367739974,289.33181350421614,79.33181350421614,162.5,47.5,140.0,70.0,180.0,30.0
LJK115,Kingabwa,270.0,270.3649047619049,0.3649047619048815,270.1109659150871,0.11096591508709253,281.3877018537018,11.387701853701799,300.12308412474533,30.123084124745333,321.0445709982288,51.04457099822878,162.5,107.5,140.0,130.0,187.5,82.5
LJK116,Kingabwa,58.0,57.979038095238124,0.02096190476187587,57.84840335378932,0.15159664621067748,54.25752086638849,3.7424791336115106,-9.19195909907927,67.19195909907927,12.598587343325022,45.40141265667498,165.0,107.0,142.5,84.5,67.5,9.5
LJK117,Kingabwa,180.0,185.32944444444442,5.32944444444442,189.7340762840374,9.7340762840374,206.23639485514485,26.23639485514485,180.7020505316305,0.7020505316305048,235.6259654145205,55.62596541452049,172.5,7.5,147.5,32.5,190.0,10.0
LJK118,Kingabwa,45.0,40.960777777777786,4.0392222222222145,42.675573351630256,2.3244266483697444,43.12612766645118,1.8738723335488174,23.39884314864662,21.60115685135338,13.881630630497,31.118369369503,162.5,117.5,140.0,95.0,36.0,9.0
LJK119,Kingabwa,150.0,150.01249999999996,0.01249999999996021,157.1096770624644,7.109677062464414,157.5000405289155,7.500040528915491,149.89330268506848,0.10669731493152312,171.33055679070378,21.33055679070378,182.5,32.5,140.0,10.0,182.5,32.5
LJK120,Kingabwa,350.0,386.054,36.053999999999974,376.2690378546148,26.269037854614794,371.74054437392647,21.74054437392647,355.40190610480937,5.40190610480937,464.4486780054507,114.44867800545069,165.0,185.0,142.5,207.5,390.0,40.0
LJK121,Kingabwa,65.0,65.97309365079366,0.9730936507936576,65.0035259458121,0.0035259458121004172,66.8420526393541,1.842052639354094,5.460356082695398,59.5396439173046,15.90035892549352,49.09964107450648,165.0,100.0,142.5,77.5,67.5,2.5
LJK122,Kingabwa,135.0,136.04988095238136,1.0498809523813577,152.34591179994936,17.345911799949363,145.64681027306037,10.646810273060368,111.74291541169205,23.257084588307947,158.89828956172224,23.898289561722237,172.5,37.5,147.5,12.5,190.0,55.0
LJK123,Kingabwa,30.0,32.436143772893715,2.4361437728937148,35.02215325834057,5.022153258340573,35.14857131581871,5.148571315818707,-17.94874885450008,47.94874885450008,-12.698818850507053,42.69881885050705,182.5,152.5,145.0,115.0,40.0,10.0
LJK124,Kingabwa,200.0,215.65666666666758,15.656666666667576,214.35374153456254,14.353741534562545,213.6324985292486,13.632498529248608,276.2688692987625,76.26886929876252,286.1217448565327,86.1217448565327,162.5,37.5,140.0,60.0,180.0,20.0
LJK125,Kingabwa,300.0,278.34893939393953,21.65106060606047,289.6735647672367,10.326435232763288,299.3410369630369,0.6589630369630868,398.95304952730316,98.95304952730316,348.32359617481853,48.32359617481853,172.5,127.5,147.5,152.5,190.0,110.0
LJK126,Kingabwa,70.0,73.54536031746034,3.545360317460336,71.01801941876543,1.0180194187654337,73.21420986546129,3.214209865461285,20.112671264470066,49.887328735529934,19.20213050766202,50.79786949233798,165.0,95.0,142.5,72.5,67.5,2.5
LJK127,Kingabwa,190.0,191.29833333333335,1.2983333333333462,195.95249471471035,5.952494714710355,213.3524168886669,23.35241688866691,189.01038754307137,0.9896124569286258,242.1798712715169,52.1798712715169,165.0,25.0,142.5,47.5,187.5,2.5
LJK128,Kingabwa,48.0,42.05978011204481,5.9402198879551875,43.1489444520912,4.8510555479088,44.34978067806019,3.650219321939808,31.011588280893307,16.988411719106693,9.717336683151927,38.28266331684807,182.5,134.5,140.0,92.0,38.0,10.0
LJK129,Kingabwa,160.0,154.3243333333333,5.6756666666667,206.6893790179591,46.68937901795911,168.43421441058936,8.434214410589362,180.82590798479444,20.82590798479444,179.56090127329557,19.56090127329557,182.5,22.5,140.0,20.0,182.5,22.5
LJK130,Kingabwa,370.0,364.4230000000009,5.576999999999089,358.89532351259055,11.10467648740945,377.81126520263393,7.811265202633933,427.38858549240643,57.388585492406435,482.73755445214795,112.73755445214795,172.5,197.5,147.5,222.5,370.0,0.0
LJK131,Kingabwa,75.0,74.78660317460316,0.2133968253968419,70.7835003735359,4.216499626464099,76.03758216505716,1.0375821650571595,40.2996846333196,34.7003153666804,28.48002718603948,46.51997281396052,172.5,97.5,147.5,72.5,62.5,12.5
LJK132,Kingabwa,145.0,145.63702380952384,0.6370238095238392,149.13459405105507,4.134594051055075,167.6294543650794,22.629454365079397,138.48858506783452,6.511414932165479,166.66247402591176,21.662474025911763,182.5,37.5,140.0,5.0,190.0,45.0
LJK133,Kingabwa,28.0,32.31434677871148,4.3143467787114815,35.544186004764974,7.544186004764974,34.19779772490225,6.197797724902252,-12.294059138723071,40.29405913872307,-1.8051455924765492,29.80514559247655,182.5,154.5,140.0,112.0,38.0,10.0
LJK134,Kingabwa,220.0,212.6995158730157,7.300484126984287,234.2392494406423,14.239249440642311,215.15607406482403,4.8439259351759745,280.54694834350335,60.546948343503345,277.97046731602677,57.97046731602677,182.5,37.5,145.0,75.0,165.0,55.0
LJK135,Kingabwa,280.0,288.95330555555597,8.953305555555971,278.09146752569706,1.9085324743029446,295.21968287431525,15.219682874315254,350.050270433219,70.050270433219,340.24832415074644,60.24832415074644,165.0,115.0,142.5,137.5,187.5,92.5
LJK136,Kingabwa,68.0,69.42982698412698,1.4298269841269757,65.0035259458121,2.9964740541878996,68.559140523692,0.559140523691994,12.78651367358276,55.21348632641724,17.55124471657777,50.44875528342223,165.0,97.0,142.5,74.5,67.5,0.5
LJK137,Kingabwa,185.0,190.18083333333334,5.180833333333339,190.76436264919136,5.764362649191355,207.5661560661562,22.566156066156196,174.3580723612967,10.641927638703294,238.8780996893484,53.8780996893484,165.0,20.0,142.5,42.5,187.5,2.5
LJK138,Kingabwa,42.0,39.11864377289374,2.8813562271062594,35.44648792962843,6.553512070371568,39.56613724433461,2.4338627556653876,2.261635419366428,39.73836458063357,-7.5431561080300185,49.54315610803002,182.5,140.5,145.0,103.0,40.0,2.0
LJK139,Kingabwa,155.0,150.16666666666646,4.833333333333542,152.88408008200216,2.115919917997843,158.7016951659452,3.7016951659452104,152.30040627657445,2.6995937234255507,175.45339380953624,20.453393809536237,162.5,7.5,140.0,15.0,180.0,25.0
LJK140,Kingabwa,390.0,389.464,0.5360000000000014,376.2690378546148,13.730962145385206,371.9634491358312,18.036550864168817,428.66348201368265,38.66348201368265,480.9575359162932,90.95753591629318,165.0,225.0,142.5,247.5,390.0,0.0
LJK141,Kingabwa,80.0,77.51480793650792,2.4851920634920788,75.2031845502824,4.796815449717599,89.33462176434675,9.33462176434675,47.085678445853034,32.914321554146966,30.115025136380382,49.88497486361962,172.5,92.5,147.5,67.5,62.5,17.5
LJK142,Kingabwa,140.0,137.06069047619056,2.9393095238094418,147.65564428795616,7.655644287956164,149.33164087301583,9.331640873015829,119.92902188799894,20.070978112001058,161.72426733635672,21.724267336356718,182.5,42.5,140.0,0.0,190.0,50.0
LJK143,Kingabwa,36.0,35.93261043956039,0.06738956043960798,35.44648792962843,0.5535120703715677,37.07630306185042,1.0763030618504175,-4.475159338589094,40.475159338589094,-9.261710355522325,45.261710355522325,182.5,146.5,145.0,109.0,40.0,4.0
LJK144,Kingabwa,230.0,209.68146031746033,20.318539682539665,268.62063385943594,38.62063385943594,213.26390945165937,16.736090548340627,299.4431365407647,69.44313654076473,286.9402918573769,56.940291857376906,182.5,47.5,140.0,90.0,182.5,47.5
LJK145,Kingabwa,310.0,285.4747727272728,24.525227272727193,334.79962047461896,24.799620474618962,324.248402042402,14.248402042402006,432.88301858997005,122.88301858997005,356.49858592652305,46.49858592652305,172.5,137.5,147.5,162.5,190.0,120.0
LJK146,Kingabwa,85.0,77.27576111111108,7.7242388888889195,75.18583678063175,9.814163219368254,98.23851026473525,13.238510264735254,41.128587233987844,43.871412766012156,25.66861376222974,59.33138623777026,182.5,97.5,140.0,55.0,66.5,18.5
LJK147,Kingabwa,195.0,186.85290476190474,8.147095238095261,253.4080267991282,58.40802679912821,237.68462590187596,42.68462590187596,207.4736310777016,12.473631077701612,240.4690250530725,45.4690250530725,182.5,12.5,145.0,50.0,182.5,12.5
LJK148,Kingabwa,44.0,42.889028571428526,1.1109714285714745,40.56484407274892,3.435155927251081,45.10780697439814,1.1078069743981374,33.8328941691515,10.167105830848499,14.408758071139914,29.591241928860086,165.0,121.0,142.5,98.5,38.0,6.0
LJK149,Kingabwa,165.0,151.70666666666648,13.293333333333521,157.90899436771647,7.091005632283526,162.58838625263624,2.4116137473637593,164.29477065521164,0.7052293447883642,178.66346245721968,13.66346245721968,162.5,2.5,140.0,25.0,180.0,15.0
LJK150,Kingabwa,410.0,380.2083333333339,29.791666666666117,363.0704735054199,46.9295264945801,382.1479318693006,27.852068130699422,495.24852361774015,85.24852361774015,499.087533955557,89.08753395555698,172.5,237.5,147.5,262.5,370.0,40.0
